-- Players
    INSERT INTO Players (player_id, first_name, last_name, years_played, jersey_number) VALUES (1, 'RUSSELL', 'WESTBROOK', 14, 0); 
    INSERT INTO Players (player_id, first_name, last_name, years_played, jersey_number) VALUES (2, 'ANTHONY', 'DAVIS', 10, 3);
    INSERT INTO Players (player_id, first_name, last_name, years_played, jersey_number) VALUES (3, 'LONNIE', 'WALKER IV', 4, 4);
    INSERT INTO Players (player_id, first_name, last_name, years_played, jersey_number) VALUES (4, 'LEBRON', 'JAMES', 19, 6);
    INSERT INTO Players (player_id, first_name, last_name, years_played, jersey_number) VALUES (5, 'TROY', 'BROWN JR', 4, 7);
    INSERT INTO Players (player_id, first_name, last_name, years_played, jersey_number) VALUES (6, 'MAX', 'CHRISTIE', 0, 10);
    INSERT INTO Players (player_id, first_name, last_name, years_played, jersey_number) VALUES (7, 'KENDRICK', 'NUNN', 2, 12);
    INSERT INTO Players (player_id, first_name, last_name, years_played, jersey_number) VALUES (8, 'SCOTTY', 'PIPPEN JR', 0, 14);
    INSERT INTO Players (player_id, first_name, last_name, years_played, jersey_number) VALUES (9, 'AUSTIN', 'REAVES', 1, 15);
    INSERT INTO Players (player_id, first_name, last_name, years_played, jersey_number) VALUES (10, 'DENNIS', 'SCHRODER', 9, 17);
    INSERT INTO Players (player_id, first_name, last_name, years_played, jersey_number) VALUES (11, 'COLE', 'SWIDER', 0, 20);
    INSERT INTO Players (player_id, first_name, last_name, years_played, jersey_number) VALUES (12, 'PATRICK', 'BEVERLEY', 10, 21);
    INSERT INTO Players (player_id, first_name, last_name, years_played, jersey_number) VALUES (13, 'DAMIAN', 'JONES', 6, 30);
    INSERT INTO Players (player_id, first_name, last_name, years_played, jersey_number) VALUES (14, 'THOMAS', 'BRYANT', 5, 31);
    INSERT INTO Players (player_id, first_name, last_name, years_played, jersey_number) VALUES (15, 'WENYEN', 'GABRIEL', 3, 35);
    INSERT INTO Players (player_id, first_name, last_name, years_played, jersey_number) VALUES (16, 'MATT', 'RYAN', 1, 37);
    INSERT INTO Players (player_id, first_name, last_name, years_played, jersey_number) VALUES (17, 'JUAN', 'TOSCANO-ANDERSON', 3, 95);
    
    -- Fans
    INSERT INTO Fans (fan_id, first_name, last_name, age, fan_of) VALUES (1001, 'BEAU', 'SHAW', 31, 'RUSSELL WESTBROOK');
    INSERT INTO Fans (fan_id, first_name, last_name, age, fan_of) VALUES (1002, 'TRISTAN', 'CARTER', 23, 'RUSSELL WESTBROOK');
    INSERT INTO Fans (fan_id, first_name, last_name, age, fan_of) VALUES (1003, 'BRIAN', 'EDWARDS', 25, 'RUSSELL WESTBROOK');
    INSERT INTO Fans (fan_id, first_name, last_name, age, fan_of) VALUES (1004, 'EDWARD', 'HAYES', 26, 'RUSSELL WESTBROOK');
    INSERT INTO Fans (fan_id, first_name, last_name, age, fan_of) VALUES (1005, 'CRISTINA', 'LANGEVIN', 27, 'RUSSELL WESTBROOK');
    INSERT INTO Fans (fan_id, first_name, last_name, age, fan_of) VALUES (1006, 'RACHEL', 'STRASSER', 32, 'RUSSELL WESTBROOK');
    INSERT INTO Fans (fan_id, first_name, last_name, age, fan_of) VALUES (1007, 'ANTHONY', 'CHAMBERLIN', 27, 'ANTHONY DAVIS');
    INSERT INTO Fans (fan_id, first_name, last_name, age, fan_of) VALUES (1009, 'JUSTIN', 'ARMENTA', 23, 'ANTHONY DAVIS');
    INSERT INTO Fans (fan_id, first_name, last_name, age, fan_of) VALUES (1010, 'LARRY', 'CAMPBELL', 19, 'ANTHONY DAVIS');
    INSERT INTO Fans (fan_id, first_name, last_name, age, fan_of) VALUES (1011, 'CARL', 'ALEXANDER', 30, 'ANTHONY DAVIS');
    INSERT INTO Fans (fan_id, first_name, last_name, age, fan_of) VALUES (1012, 'CHARLES', 'HAZELTINE', 37, 'ANTHONY DAVIS');
    INSERT INTO Fans (fan_id, first_name, last_name, age, fan_of) VALUES (1013, 'DARRELL', 'COOPER', 38, 'ANTHONY DAVIS');
    INSERT INTO Fans (fan_id, first_name, last_name, age, fan_of) VALUES (1014, 'CHARLES', 'LEMOINE', 28, 'ANTHONY DAVIS');
    INSERT INTO Fans (fan_id, first_name, last_name, age, fan_of) VALUES (1015, 'PAUL', 'PORTER', 30, 'LONNIE WALKER');
    INSERT INTO Fans (fan_id, first_name, last_name, age, fan_of) VALUES (1016, 'BRIAN', 'EDWARDS', 25, 'ANTHONY DAVIS');
    INSERT INTO Fans (fan_id, first_name, last_name, age, fan_of) VALUES (1017, 'TRISTAN', 'CARTER', 23, 'LEBRON JAMES');
    INSERT INTO Fans (fan_id, first_name, last_name, age, fan_of) VALUES (1018, 'BEAU', 'SHAW', 31, 'LEBRON JAMES');
    INSERT INTO Fans (fan_id, first_name, last_name, age, fan_of) VALUES (1019, 'ERIC', 'TOWERS', 24, 'LEBRON JAMES');
    INSERT INTO Fans (fan_id, first_name, last_name, age, fan_of) VALUES (1020, 'RICHARD', 'RHODES', 35, 'LEBRON JAMES');
    INSERT INTO Fans (fan_id, first_name, last_name, age, fan_of) VALUES (1021, 'JOSEPH', 'SANTISTEVAN', 32, 'LEBRON JAMES');
    INSERT INTO Fans (fan_id, first_name, last_name, age, fan_of) VALUES (1022, 'DAVID', 'MCMILLAN', 22, 'LEBRON JAMES');
    INSERT INTO Fans (fan_id, first_name, last_name, age, fan_of) VALUES (1023, 'RICHARD', 'WEBB', 39, 'LEBRON JAMES');
    INSERT INTO Fans (fan_id, first_name, last_name, age, fan_of) VALUES (1024, 'WILLIAM', 'GILBREATH', 24, 'LEBRON JAMES');
    INSERT INTO Fans (fan_id, first_name, last_name, age, fan_of) VALUES (1025, 'SARAH', 'COOL', 40, 'LEBRON JAMES');    
    INSERT INTO Fans (fan_id, first_name, last_name, age, fan_of) VALUES (1026, 'TROY', 'COLLINS', 30, 'AUSTIN REAVES');
    INSERT INTO Fans (fan_id, first_name, last_name, age, fan_of) VALUES (1027, 'ROBERT', 'TAYLOR', 20, 'AUSTIN REAVES');
    INSERT INTO Fans (fan_id, first_name, last_name, age, fan_of) VALUES (1028, 'JEFFERY', 'HERMANN', 24, 'AUSTIN REAVES');
    INSERT INTO Fans (fan_id, first_name, last_name, age, fan_of) VALUES (1029, 'TROY', 'COLLINS', 30, 'DENNIS SCHRODER');
    INSERT INTO Fans (fan_id, first_name, last_name, age, fan_of) VALUES (1030, 'JANA', 'FENSTERMACHER', 21, 'DENNIS SCHRODER');
    INSERT INTO Fans (fan_id, first_name, last_name, age, fan_of) VALUES (1031, 'JENS', 'SCHULTZ', 26, 'DENNIS SCHRODER');
    INSERT INTO Fans (fan_id, first_name, last_name, age, fan_of) VALUES (1032, 'TORSTEN', 'FUERST', 33, 'DENNIS SCHRODER');
    INSERT INTO Fans (fan_id, first_name, last_name, age, fan_of) VALUES (1033, 'MARKO', 'SCHULZE', 19, 'DENNIS SCHRODER');
    INSERT INTO Fans (fan_id, first_name, last_name, age, fan_of) VALUES (1034, 'ULRICH', 'METZGER', 23, 'DENNIS SCHRODER');
    INSERT INTO Fans (fan_id, first_name, last_name, age, fan_of) VALUES (1035, 'TOM', 'WENDLER', 34, 'PATRICK BEVERLY');
    INSERT INTO Fans (fan_id, first_name, last_name, age, fan_of) VALUES (1036, 'PEDRO', 'GARCIA', 25, 'PATRICK BEVERLY');
    INSERT INTO Fans (fan_id, first_name, last_name, age, fan_of) VALUES (1037, 'DAVID', 'SCHWARTZ', 23, 'PATRICK BEVERLY');
    INSERT INTO Fans (fan_id, first_name, last_name, age, fan_of) VALUES (1038, 'BRIAN', 'HENRY', 40, 'PATRICK BEVERLY');

    -- Positions
    INSERT INTO Positions (position_pk, position_id, player_id, position_name) VALUES (1, 1, 1, 'GUARD'); 
    INSERT INTO Positions (position_pk, position_id, player_id, position_name) VALUES (2, 2, 2, 'FORWARD-CENTER');
    INSERT INTO Positions (position_pk, position_id, player_id, position_name) VALUES (3, 3, 3, 'GUARD-FORWARD');
    INSERT INTO Positions (position_pk, position_id, player_id, position_name) VALUES (4, 4, 4, 'FORWARD');
    INSERT INTO Positions (position_pk, position_id, player_id, position_name) VALUES (5, 5, 5, 'GUARD-FORWARD');
    INSERT INTO Positions (position_pk, position_id, player_id, position_name) VALUES (6, 6, 6, 'GUARD');
    INSERT INTO Positions (position_pk, position_id, player_id, position_name) VALUES (7, 7, 7, 'GUARD');
    INSERT INTO Positions (position_pk, position_id, player_id, position_name) VALUES (8, 8, 8, 'GUARD');
    INSERT INTO Positions (position_pk, position_id, player_id, position_name) VALUES (9, 9, 9, 'GUARD');
    INSERT INTO Positions (position_pk, position_id, player_id, position_name) VALUES (10, 10, 10, 'GUARD');
    INSERT INTO Positions (position_pk, position_id, player_id, position_name) VALUES (11, 11, 11, 'FORWARD');
    INSERT INTO Positions (position_pk, position_id, player_id, position_name) VALUES (12, 12, 12, 'GUARD');
    INSERT INTO Positions (position_pk, position_id, player_id, position_name) VALUES (13, 13, 13, 'CENTER');
    INSERT INTO Positions (position_pk, position_id, player_id, position_name) VALUES (14, 14, 14, 'CENTER-FORWARD');
    INSERT INTO Positions (position_pk, position_id, player_id, position_name) VALUES (15, 15, 15,'FORWARD');
    INSERT INTO Positions (position_pk, position_id, player_id, position_name) VALUES (16, 16, 16, 'FORWARD');
    INSERT INTO Positions (position_pk, position_id, player_id, position_name) VALUES (17, 17, 17, 'FORWARD'); 
    
    -- Stats
    INSERT INTO Stats (player_id, position_pk, points_per_game, assists_per_game, rebounds_per_game) VALUES (1, 1, 18.5, 7.1, 7.4); 
    INSERT INTO Stats (player_id, position_pk, points_per_game, assists_per_game, rebounds_per_game) VALUES (2, 2, 23.2, 3.1, 9.9);
    INSERT INTO Stats (player_id, position_pk, points_per_game, assists_per_game, rebounds_per_game) VALUES (3, 3, 12.1, 2.2, 2.6);
    INSERT INTO Stats (player_id, position_pk, points_per_game, assists_per_game, rebounds_per_game) VALUES (4, 4, 30.3, 6.2, 8.2);
    INSERT INTO Stats (player_id, position_pk, points_per_game, assists_per_game, rebounds_per_game) VALUES (5, 5, 4.3, 1, 3.1);
    INSERT INTO Stats (player_id, position_pk, points_per_game, assists_per_game, rebounds_per_game) VALUES (6, 6, 0, 0, 0);
    INSERT INTO Stats (player_id, position_pk, points_per_game, assists_per_game, rebounds_per_game) VALUES (7, 7, 0, 0, 0);
    INSERT INTO Stats (player_id, position_pk, points_per_game, assists_per_game, rebounds_per_game) VALUES (8, 8, 0, 0, 0);
    INSERT INTO Stats (player_id, position_pk, points_per_game, assists_per_game, rebounds_per_game) VALUES (9, 9, 7.3, 1.8, 3.2);
    INSERT INTO Stats (player_id, position_pk, points_per_game, assists_per_game, rebounds_per_game) VALUES (10, 10, 13.5, 4.6, 3.3);
    INSERT INTO Stats (player_id, position_pk, points_per_game, assists_per_game, rebounds_per_game) VALUES (11, 11, 0, 0, 0);
    INSERT INTO Stats (player_id, position_pk, points_per_game, assists_per_game, rebounds_per_game) VALUES (12, 12, 9.2, 4.6, 4.1);
    INSERT INTO Stats (player_id, position_pk, points_per_game, assists_per_game, rebounds_per_game) VALUES (13, 13, 8.1, 1.2, 4.4);
    INSERT INTO Stats (player_id, position_pk, points_per_game, assists_per_game, rebounds_per_game) VALUES (14, 14, 7.4, 0.9, 4);
    INSERT INTO Stats (player_id, position_pk, points_per_game, assists_per_game, rebounds_per_game) VALUES (15, 15, 5.4, 0.5, 3.7);
    INSERT INTO Stats (player_id, position_pk, points_per_game, assists_per_game, rebounds_per_game) VALUES (16, 16, 3, 0, 0);
    INSERT INTO Stats (player_id, position_pk, points_per_game, assists_per_game, rebounds_per_game) VALUES (17, 17, 4.1, 1.7, 2.4);
    
    -- Fan_info
    INSERT INTO Fan_info (fan_id, player_id) VALUES (1001, 1);
    INSERT INTO Fan_info (fan_id, player_id) VALUES (1002, 1);
    INSERT INTO Fan_info (fan_id, player_id) VALUES (1003, 1);
    INSERT INTO Fan_info (fan_id, player_id) VALUES (1004, 1);
    INSERT INTO Fan_info (fan_id, player_id) VALUES (1005, 1);
    INSERT INTO Fan_info (fan_id, player_id) VALUES (1006, 1);
    INSERT INTO Fan_info (fan_id, player_id) VALUES (1007, 2);
    INSERT INTO Fan_info (fan_id, player_id) VALUES (1009, 2);
    INSERT INTO Fan_info (fan_id, player_id) VALUES (1010, 2);
    INSERT INTO Fan_info (fan_id, player_id) VALUES (1011, 2);
    INSERT INTO Fan_info (fan_id, player_id) VALUES (1012, 2);
    INSERT INTO Fan_info (fan_id, player_id) VALUES (1013, 2);
    INSERT INTO Fan_info (fan_id, player_id) VALUES (1014, 2);
    INSERT INTO Fan_info (fan_id, player_id) VALUES (1015, 3);
    INSERT INTO Fan_info (fan_id, player_id) VALUES (1016, 4);
    INSERT INTO Fan_info (fan_id, player_id) VALUES (1017, 4);
    INSERT INTO Fan_info (fan_id, player_id) VALUES (1018, 4);
    INSERT INTO Fan_info (fan_id, player_id) VALUES (1019, 4);
    INSERT INTO Fan_info (fan_id, player_id) VALUES (1020, 4);
    INSERT INTO Fan_info (fan_id, player_id) VALUES (1021, 4);
    INSERT INTO Fan_info (fan_id, player_id) VALUES (1022, 4);
    INSERT INTO Fan_info (fan_id, player_id) VALUES (1023, 4);
    INSERT INTO Fan_info (fan_id, player_id) VALUES (1024, 4);
    INSERT INTO Fan_info (fan_id, player_id) VALUES (1025, 4);    
    INSERT INTO Fan_info (fan_id, player_id) VALUES (1026, 9);
    INSERT INTO Fan_info (fan_id, player_id) VALUES (1027, 9);
    INSERT INTO Fan_info (fan_id, player_id) VALUES (1028, 9);
    INSERT INTO Fan_info (fan_id, player_id) VALUES (1029, 10);
    INSERT INTO Fan_info (fan_id, player_id) VALUES (1030, 10);
    INSERT INTO Fan_info (fan_id, player_id) VALUES (1031, 10);
    INSERT INTO Fan_info (fan_id, player_id) VALUES (1032, 10);
    INSERT INTO Fan_info (fan_id, player_id) VALUES (1033, 10);
    INSERT INTO Fan_info (fan_id, player_id) VALUES (1034, 10);
    INSERT INTO Fan_info (fan_id, player_id) VALUES (1035, 12);
    INSERT INTO Fan_info (fan_id, player_id) VALUES (1036, 12);
    INSERT INTO Fan_info (fan_id, player_id) VALUES (1037, 12);
    INSERT INTO Fan_info (fan_id, player_id) VALUES (1038, 12);    